{
  "model": {
    "type": "minecraft:select",
    "cases": [
      {
        "model": {
          "type": "minecraft:composite",
          "models": [
            {
              "type": "minecraft:model",
              "model": "ctarron:spell_outline"
            },
            {
              "type": "minecraft:model",
              "model": "minecraft:item/fire_charge",
              "tints": [
                {
                  "type": "minecraft:custom_model_data",
                  "default": 15957116
                }
              ]
            }
          ]
        },
        "when": [
          "gui",
          "ground"
        ]
      }
    ],
    "fallback": {
      "type": "minecraft:condition",
      "property": "minecraft:using_item",
      "on_true": {
        "type": "minecraft:model",
        "model": "ctarron:staff_fire",
        "tints": [
          {
            "type": "minecraft:constant",
            "value": 13697024
          }
        ]
      },
      "on_false": {
        "type": "minecraft:model",
        "model": "ctarron:staff"
      }
    },
    "property": "minecraft:display_context"
  },
  "hand_animation_on_swap": false
}