{
  "model": {
    "type": "minecraft:select",
    "property": "minecraft:display_context",
    "cases": [
      {
        "model": {
          "type": "minecraft:model",
          "model": "ctarron:hat_empty"
        },
        "when": [
          "gui"
        ]
      }
    ],
    "fallback": {
      "type": "minecraft:model",
      "model": "ctarron:hat",
      "tints": [
        {
          "type": "minecraft:team",
          "default": 14531042
        }
      ]
    }
  },
  "hand_animation_on_swap": false
}