{
	"credit": "Made with Blockbench",
	"parent": "block/block",
	"textures": {
		"5": "block/copper_grate",
		"particle": "block/campfire_log",
		"log": "block/campfire_log"
	},
	"elements": [
		{
			"from": [2, 0, 1],
			"to": [6, 4, 15],
			"rotation": {"angle": 0, "axis": "y", "origin": [1, 0, 0]},
			"faces": {
				"north": {"uv": [0, 4, 4, 8], "texture": "#log", "cullface": "north"},
				"east": {"uv": [0, 1, 16, 5], "texture": "#lit_log"},
				"south": {"uv": [0, 4, 4, 8], "texture": "#log", "cullface": "south"},
				"west": {"uv": [16, 0, 0, 4], "texture": "#log"},
				"up": {"uv": [0, 0, 16, 4], "rotation": 90, "texture": "#log"},
				"down": {"uv": [0, 0, 16, 4], "rotation": 90, "texture": "#log", "cullface": "down"}
			}
		},
		{
			"from": [1, 3, 10],
			"to": [15, 6.75, 14],
			"rotation": {"angle": 0, "axis": "y", "origin": [0, 0, -1]},
			"faces": {
				"north": {"uv": [16, 0, 0, 4], "texture": "#lit_log"},
				"east": {"uv": [0, 4, 4, 8], "texture": "#log", "cullface": "east"},
				"south": {"uv": [0, 0, 16, 4], "texture": "#lit_log"},
				"west": {"uv": [0, 4, 4, 8], "texture": "#log", "cullface": "west"},
				"up": {"uv": [0, 0, 16, 4], "rotation": 180, "texture": "#log"},
				"down": {"uv": [0, 4, 16, 8], "texture": "#lit_log"}
			}
		},
		{
			"from": [10, 0, 1],
			"to": [14, 4, 15],
			"rotation": {"angle": 0, "axis": "y", "origin": [-1, 0, 0]},
			"faces": {
				"north": {"uv": [0, 4, 4, 8], "texture": "#log", "cullface": "north"},
				"east": {"uv": [0, 0, 16, 4], "texture": "#log"},
				"south": {"uv": [0, 4, 4, 8], "texture": "#log", "cullface": "south"},
				"west": {"uv": [16, 1, 0, 5], "texture": "#lit_log"},
				"up": {"uv": [0, 0, 16, 4], "rotation": 90, "texture": "#log"},
				"down": {"uv": [0, 0, 16, 4], "rotation": 90, "texture": "#log", "cullface": "down"}
			}
		},
		{
			"from": [1, 3, 2],
			"to": [15, 6.75, 6],
			"rotation": {"angle": 0, "axis": "y", "origin": [0, 0, 1]},
			"faces": {
				"north": {"uv": [0, 0, 16, 4], "texture": "#lit_log"},
				"east": {"uv": [0, 4, 4, 8], "texture": "#log", "cullface": "east"},
				"south": {"uv": [16, 0, 0, 4], "texture": "#lit_log"},
				"west": {"uv": [0, 4, 4, 8], "texture": "#log", "cullface": "west"},
				"up": {"uv": [0, 0, 16, 4], "rotation": 180, "texture": "#log"},
				"down": {"uv": [0, 4, 16, 8], "texture": "#lit_log"}
			}
		},
		{
			"from": [6, 0, 1],
			"to": [10, 1, 15],
			"faces": {
				"north": {"uv": [0, 15, 6, 16], "texture": "#log", "cullface": "north"},
				"south": {"uv": [10, 15, 16, 16], "texture": "#log", "cullface": "south"},
				"up": {"uv": [0, 8, 16, 14], "rotation": 90, "texture": "#lit_log"},
				"down": {"uv": [0, 8, 16, 14], "rotation": 90, "texture": "#log", "cullface": "down"}
			}
		},
		{
			"from": [1.8, 1, 8],
			"to": [14.2, 17, 8],
			"shade": false,
			"rotation": {"angle": 45, "axis": "y", "origin": [8, 8, 8], "rescale": true},
			"faces": {
				"north": {"uv": [0, 0, 16, 16], "texture": "#fire"},
				"south": {"uv": [0, 0, 16, 16], "texture": "#fire"}
			}
		},
		{
			"from": [8, 1, 1.8],
			"to": [8, 17, 14.2],
			"shade": false,
			"rotation": {"angle": 45, "axis": "y", "origin": [8, 8, 8], "rescale": true},
			"faces": {
				"east": {"uv": [0, 0, 16, 16], "texture": "#fire"},
				"west": {"uv": [0, 0, 16, 16], "texture": "#fire"}
			}
		},
		{
			"from": [0, 0, 0],
			"to": [16, 7, 16],
			"faces": {
				"north": {"uv": [0, 0, 16, 8], "texture": "#5"},
				"east": {"uv": [0, 0, 16, 8], "texture": "#5"},
				"south": {"uv": [0, 0, 16, 8], "texture": "#5"},
				"west": {"uv": [0, 0, 16, 8], "texture": "#5"},
				"up": {"uv": [0, 0, 16, 16], "texture": "#5"}
			}
		}
	],
	"display": {
		"head": {
			"translation": [0, 10.5, 0]
		}
	}
}