{
	"credit": "Made with Blockbench",
	"textures": {
		"0": "ctarron:intro/1",
		"particle": "ctarron:intro/1"
	},
	"elements": [
		{
			"from": [-16, -16, -3],
			"to": [32, 32, 18],
			"faces": {
				"north": {"uv": [0, 0, 1, 1], "texture": "#0"},
				"south": {"uv": [0, 0, 1, 1], "texture": "#0"}
			}
		},
		{
			"from": [-16, -16, 5],
			"to": [32, 32, 9],
			"faces": {
				"north": {"uv": [0, 0, 1, 1], "texture": "#0"},
				"south": {"uv": [0, 0, 1, 1], "texture": "#0"}
			}
		},
		{
			"from": [-16, -16, -9],
			"to": [32, 32, 24],
			"faces": {
				"north": {"uv": [0, 0, 1, 1], "texture": "#0"},
				"south": {"uv": [0, 0, 1, 1], "texture": "#0"}
			}
		},
		{
			"from": [-16, -16, -15],
			"to": [32, 32, 30],
			"faces": {
				"north": {"uv": [0, 0, 1, 1], "texture": "#0"},
				"south": {"uv": [0, 0, 1, 1], "texture": "#0"}
			}
		}
	],
	"display": {
		"head": {
			"translation": [0, 0, 2.5],
			"scale": [4, 4, 4]
		}
	}
}