{
	"textures": {
		"0": "minecraft:block/white_concrete",
		"orb": "minecraft:block/white_stained_glass",
		"particle": "minecraft:block/white_stained_glass"
	},
	"elements": [
		{
			"from": [2, 2, 2],
			"to": [14, 14, 14],
			"faces": {
				"north": {"uv": [0, 0, 16, 16], "texture": "#0", "tintindex": 0},
				"east": {"uv": [0, 0, 16, 16], "texture": "#0", "tintindex": 0},
				"south": {"uv": [0, 0, 16, 16], "texture": "#0", "tintindex": 0},
				"west": {"uv": [0, 0, 16, 16], "texture": "#0", "tintindex": 0},
				"up": {"uv": [0, 0, 16, 16], "texture": "#0", "tintindex": 0},
				"down": {"uv": [0, 0, 16, 16], "texture": "#0", "tintindex": 0}
			}
		},
		{
			"from": [0, 16, 0],
			"to": [16, 0, 16],
			"rotation": {"angle": 0, "axis": "y", "origin": [-0.5, 66, -0.5]},
			"faces": {
				"north": {"uv": [0, 0, 16, 16], "texture": "#orb", "tintindex": 0},
				"east": {"uv": [0, 0, 16, 16], "texture": "#orb", "tintindex": 0},
				"south": {"uv": [0, 0, 16, 16], "texture": "#orb", "tintindex": 0},
				"west": {"uv": [0, 0, 16, 16], "texture": "#orb", "tintindex": 0},
				"up": {"uv": [0, 0, 16, 16], "texture": "#orb", "tintindex": 0},
				"down": {"uv": [0, 0, 16, 16], "texture": "#orb", "tintindex": 0}
			}
		}
	],
	"display": {
		"ground": {
			"translation": [0, 4.25, 0],
			"scale": [0.5, 0.5, 0.5]
		}
	}
}