{
	"credit": "Made with Blockbench",
	"textures": {
		"0": "block/dark_oak_log",
		"1": "ctarron:item/scope1",
		"particle": "block/dark_oak_log"
	},
	"elements": [
		{
			"from": [7, 0, 7],
			"to": [9, 17, 9],
			"rotation": {"angle": 0, "axis": "y", "origin": [7, 0, 7]},
			"faces": {
				"north": {"uv": [13, 0, 15, 16], "texture": "#0"},
				"east": {"uv": [2, 0, 4, 16], "texture": "#0"},
				"south": {"uv": [0, 0, 2, 16], "texture": "#0"},
				"west": {"uv": [14, 0, 16, 16], "texture": "#0"},
				"down": {"uv": [7, 9, 9, 11], "texture": "#0"}
			}
		},
		{
			"from": [6.5, 16, 6.5],
			"to": [9.5, 20, 9.5],
			"rotation": {"angle": 0, "axis": "y", "origin": [6.5, 16, 6.5]},
			"faces": {
				"north": {"uv": [2, 10, 5, 13], "texture": "#0"},
				"east": {"uv": [3, 7, 6, 10], "texture": "#0"},
				"south": {"uv": [4, 13, 7, 16], "texture": "#0"},
				"west": {"uv": [10, 13, 13, 16], "texture": "#0"},
				"up": {"uv": [2, 10, 5, 13], "texture": "#0"},
				"down": {"uv": [13, 8, 15, 10], "texture": "#0"}
			}
		},
		{
			"from": [6, 15.9, 6],
			"to": [10, 20.1, 10],
			"rotation": {"angle": 0, "axis": "y", "origin": [7, 17, 7]},
			"faces": {
				"north": {"uv": [7, 7, 8, 8], "texture": "#1", "tintindex": 0},
				"east": {"uv": [7, 7, 8, 8], "texture": "#1", "tintindex": 0},
				"south": {"uv": [7, 7, 8, 8], "texture": "#1", "tintindex": 0},
				"west": {"uv": [7, 7, 8, 8], "texture": "#1", "tintindex": 0},
				"up": {"uv": [7, 7, 8, 8], "texture": "#1", "tintindex": 0},
				"down": {"uv": [7, 7, 8, 8], "texture": "#1", "tintindex": 0}
			}
		}
	],
	"display": {
		"firstperson_righthand": {
			"rotation": [90, 0, 0],
			"translation": [1, 0, 0]
		},
		"firstperson_lefthand": {
			"rotation": [90, 0, 0],
			"translation": [1, 0, 0]
		},
		"ground": {
			"scale": [0, 0, 0]
		},
		"gui": {
			"rotation": [12.86, -13.81, 43.84],
			"translation": [1.25, -1.75, 0]
		}
	}
}